Participant_ID,Name,College,State,Track,Day,Time_Slot,Poster_Title,Feedback,Rating
P031,Mark Ross,Purdue University,Massachusetts,Research,1,11:00 AM - 12:30 PM,Study on Climate Change Impact,Comprehensive study with clear findings. The presenter demonstrated strong technical knowledge.,3.8
P038,Brian Jones,University of California Berkeley,Wisconsin,Research,1,11:00 AM - 12:30 PM,Analysis of Renewable Energy Solutions,"Good research work, but could improve on visual presentation. The Q&A session was handled well.",3.5
P048,Monica Trevino,University of California Berkeley,New Jersey,Technical,1,11:00 AM - 12:30 PM,Novel Approach to Digital Healthcare,Impressive research design and methodology. The practical applications were well-explained.,3.8
P060,Morgan Taylor,Harvard University,Ohio,Research,1,11:00 AM - 12:30 PM,Innovative Solution for Digital Healthcare,Interesting topic with practical implications. The practical applications were well-explained.,3.6
P064,Joseph Grimes,University of Pennsylvania,Massachusetts,Technical,1,11:00 AM - 12:30 PM,Creation of Product Design,Novel approach to solving the problem. The research implications were well-discussed.,3.3
P100,Valerie Fowler,Georgia Institute of Technology,Wisconsin,Innovation,1,11:00 AM - 12:30 PM,Breakthrough in Agricultural Technology,Impressive research design and methodology. The research implications were well-discussed.,4.0
P103,Kimberly Romero PhD,University of Michigan,Indiana,Innovation,1,11:00 AM - 12:30 PM,Novel Approach to Digital Healthcare,Novel approach to solving the problem. The practical applications were well-explained.,3.5
P108,Anthony Wise,University of Wisconsin-Madison,Texas,Research,1,11:00 AM - 12:30 PM,Innovative Solution for Sustainable Energy,Novel approach to solving the problem. The methodology was well-explained.,4.7
P121,Derrick Baker,MIT,Georgia,Innovation,1,11:00 AM - 12:30 PM,Analysis of Urban Development,"Good technical depth, but could improve on communication. The practical applications were well-explained.",3.3
P139,Joel Vega,Purdue University,California,Research,1,11:00 AM - 12:30 PM,Novel Approach to Environmental Protection,"Strong technical foundation, but could benefit from more real-world applications. The results were presented clearly.",3.6
P147,Audrey Petersen,Harvard University,Texas,Technical,1,11:00 AM - 12:30 PM,Study on Healthcare Systems,Interesting topic with practical implications. The future work direction was clear.,5.0
P163,Mindy Bailey,Harvard University,New Jersey,Design,1,11:00 AM - 12:30 PM,Implementation of Machine Learning Algorithms,"Good technical depth, but could improve on communication. The practical applications were well-explained.",3.8
P187,Mr. Tyler Powers,University of Washington,Indiana,Innovation,1,11:00 AM - 12:30 PM,Investigation of Urban Development,"Good research work, but could improve on visual presentation. The future work direction was clear.",3.1
P196,Jacob Perez,MIT,Georgia,Design,1,11:00 AM - 12:30 PM,Creation of Urban Planning,Excellent presentation with clear methodology and results. The methodology was well-explained.,4.3
P236,Stephanie West,Caltech,Pennsylvania,Research,1,11:00 AM - 12:30 PM,Novel Approach to Smart Cities,Novel approach to solving the problem. The technical depth was appropriate.,5.0
P262,Michael Nguyen,University of Washington,Georgia,Design,1,11:00 AM - 12:30 PM,Investigation of Healthcare Systems,Excellent presentation with clear methodology and results. The future work direction was clear.,3.6
P279,Logan Peck,University of Wisconsin-Madison,Indiana,Technical,1,11:00 AM - 12:30 PM,Novel Approach to Digital Healthcare,Comprehensive study with clear findings. The presentation style was engaging.,3.1
P293,Brandon Lee,University of Pennsylvania,Massachusetts,Technical,1,11:00 AM - 12:30 PM,Novel Approach to Agricultural Technology,Well-structured presentation with good use of visuals. The technical depth was appropriate.,3.0
P301,Matthew Young,Caltech,Michigan,Technical,1,11:00 AM - 12:30 PM,Breakthrough in Digital Healthcare,"Innovative approach to the problem, well-executed study. The Q&A session was handled well.",4.3
P316,Kathy Cooper,University of Wisconsin-Madison,Texas,Technical,1,11:00 AM - 12:30 PM,Study on Urban Development,"Good research work, but could improve on visual presentation. The future work direction was clear.",4.3
P322,Jennifer Durham,University of Illinois Urbana-Champaign,Washington,Research,1,11:00 AM - 12:30 PM,Study on Renewable Energy Solutions,"Strong technical foundation, but could benefit from more real-world applications. The methodology was well-explained.",3.2
P331,Elizabeth Ford,University of Illinois Urbana-Champaign,Texas,Technical,1,11:00 AM - 12:30 PM,Novel Approach to Agricultural Technology,"Strong technical foundation, but could benefit from more real-world applications. The practical applications were well-explained.",3.0
P342,Jessica Watson,University of Illinois Urbana-Champaign,North Carolina,Design,1,11:00 AM - 12:30 PM,Breakthrough in Environmental Protection,Novel approach to solving the problem. The visual aids were effective.,3.8
P347,Robin Allison,Carnegie Mellon University,Indiana,Technical,1,11:00 AM - 12:30 PM,Novel Approach to Environmental Protection,Interesting topic with practical implications. The results were presented clearly.,3.7
P363,Nancy Fletcher,University of Illinois Urbana-Champaign,New Jersey,Technical,1,11:00 AM - 12:30 PM,Analysis of Machine Learning Algorithms,Well-structured presentation with good use of visuals. The future work direction was clear.,5.0
P364,Katherine Smith,University of Illinois Urbana-Champaign,Texas,Innovation,1,11:00 AM - 12:30 PM,Analysis of Urban Development,"Strong technical foundation, but could benefit from more real-world applications. The methodology was well-explained.",4.8
P377,Sonya Cline,University of California Berkeley,Michigan,Innovation,1,11:00 AM - 12:30 PM,Development of Cloud Computing Systems,Impressive research design and methodology. The presenter demonstrated strong technical knowledge.,4.6
P379,Andrew Lee,Purdue University,North Carolina,Research,1,11:00 AM - 12:30 PM,Analysis of Healthcare Systems,Impressive research design and methodology. The results were presented clearly.,3.7
P388,Gregory Rodgers,University of California Berkeley,Georgia,Technical,1,11:00 AM - 12:30 PM,Analysis of Urban Development,"Strong technical foundation, but could benefit from more real-world applications. The research implications were well-discussed.",3.3
P017,Mrs. Jasmine Thomas,University of Wisconsin-Madison,New Jersey,Design,1,2:00 PM - 3:30 PM,Development of Sustainable Architecture,Comprehensive study with clear findings. The presentation style was engaging.,3.6
P034,James Lara,University of Michigan,Illinois,Research,1,2:00 PM - 3:30 PM,Breakthrough in Digital Healthcare,Comprehensive study with clear findings. The research implications were well-discussed.,3.8
P036,Matthew Herrera,University of California Berkeley,Georgia,Design,1,2:00 PM - 3:30 PM,Development of Urban Planning,Well-structured presentation with good use of visuals. The visual aids were effective.,4.4
P078,Gary Burke,University of Washington,Illinois,Design,1,2:00 PM - 3:30 PM,Novel Approach to Digital Healthcare,Impressive research design and methodology. The results were presented clearly.,4.8
P079,Allen Peters MD,University of Michigan,Ohio,Innovation,1,2:00 PM - 3:30 PM,Creation of Sustainable Architecture,Interesting topic with practical implications. The technical depth was appropriate.,3.5
P116,Kristen Wilson,University of Washington,California,Research,1,2:00 PM - 3:30 PM,Analysis of Blockchain Technology,Excellent presentation with clear methodology and results. The presenter demonstrated strong technical knowledge.,3.2
P146,Shelby Cohen,University of Michigan,New York,Innovation,1,2:00 PM - 3:30 PM,Analysis of IoT Solutions,Novel approach to solving the problem. The Q&A session was handled well.,3.0
P209,Jennifer Cox,University of Illinois Urbana-Champaign,New Jersey,Design,1,2:00 PM - 3:30 PM,Study on Renewable Energy Solutions,"Good technical depth, but could improve on communication. The technical depth was appropriate.",3.9
P215,Steven Solomon,University of Texas at Austin,Pennsylvania,Technical,1,2:00 PM - 3:30 PM,Analysis of Urban Development,Comprehensive study with clear findings. The visual aids were effective.,4.3
P244,Kathleen Warner,University of Illinois Urbana-Champaign,Massachusetts,Design,1,2:00 PM - 3:30 PM,Analysis of Blockchain Technology,"Good research work, but could improve on visual presentation. The visual aids were effective.",3.7
P280,Timothy Castillo,University of Pennsylvania,Georgia,Innovation,1,2:00 PM - 3:30 PM,Analysis of Machine Learning Algorithms,Comprehensive study with clear findings. The presenter demonstrated strong technical knowledge.,3.9
P289,Catherine Ray,University of Illinois Urbana-Champaign,Pennsylvania,Research,1,2:00 PM - 3:30 PM,Novel Approach to Environmental Protection,"Good research work, but could improve on visual presentation. The research implications were well-discussed.",3.9
P298,Frederick Lawson,MIT,Washington,Design,1,2:00 PM - 3:30 PM,Investigation of Healthcare Systems,Novel approach to solving the problem. The practical applications were well-explained.,3.6
P306,Erin Cook,University of Pennsylvania,Michigan,Research,1,2:00 PM - 3:30 PM,Novel Approach to Smart Cities,"Good research work, but could improve on visual presentation. The visual aids were effective.",3.1
P320,Tina Parks,University of Washington,Illinois,Innovation,1,2:00 PM - 3:30 PM,Implementation of Cybersecurity Framework,Well-structured presentation with good use of visuals. The future work direction was clear.,4.6
P330,Erica Craig,University of California Los Angeles,Virginia,Technical,1,2:00 PM - 3:30 PM,Analysis of Cybersecurity Framework,Impressive research design and methodology. The visual aids were effective.,3.4
P346,Anthony Obrien,University of California Los Angeles,Pennsylvania,Technical,1,2:00 PM - 3:30 PM,Investigation of Climate Change Impact,Well-structured presentation with good use of visuals. The visual aids were effective.,3.6
P351,Aaron Meadows,Purdue University,North Carolina,Innovation,1,2:00 PM - 3:30 PM,Analysis of Machine Learning Algorithms,Impressive research design and methodology. The visual aids were effective.,4.0
P383,Kevin Anderson,University of Texas at Austin,Illinois,Research,1,2:00 PM - 3:30 PM,Analysis of Cybersecurity Framework,Interesting topic with practical implications. The research implications were well-discussed.,4.6
P387,Eric Walker,University of Washington,Georgia,Research,1,2:00 PM - 3:30 PM,Novel Approach to Digital Healthcare,"Good technical depth, but could improve on communication. The practical applications were well-explained.",3.3
P057,Shannon Lopez,University of California Berkeley,Indiana,Technical,1,4:00 PM - 5:30 PM,Development of Machine Learning Algorithms,"Good technical depth, but could improve on communication. The future work direction was clear.",3.5
P061,Veronica Bauer,University of Illinois Urbana-Champaign,Georgia,Technical,1,4:00 PM - 5:30 PM,Analysis of Cybersecurity Framework,"Good research work, but could improve on visual presentation. The visual aids were effective.",4.9
P063,Kimberly Vincent,Stanford University,Illinois,Research,1,4:00 PM - 5:30 PM,Breakthrough in Sustainable Energy,Interesting topic with practical implications. The future work direction was clear.,3.1
P067,Doris Nguyen,Carnegie Mellon University,Indiana,Research,1,4:00 PM - 5:30 PM,Development of IoT Solutions,Interesting topic with practical implications. The practical applications were well-explained.,4.1
P070,Jessica Saunders,Carnegie Mellon University,Illinois,Technical,1,4:00 PM - 5:30 PM,Investigation of Urban Development,"Innovative approach to the problem, well-executed study. The Q&A session was handled well.",4.2
P082,Ryan Davis,Carnegie Mellon University,Massachusetts,Research,1,4:00 PM - 5:30 PM,Study on Healthcare Systems,"Innovative approach to the problem, well-executed study. The technical depth was appropriate.",3.2
P107,Andrew Ward,University of California Berkeley,Michigan,Research,1,4:00 PM - 5:30 PM,Development of Product Design,"Innovative approach to the problem, well-executed study. The presenter demonstrated strong technical knowledge.",4.3
P124,Wesley Baker,University of California Los Angeles,Ohio,Innovation,1,4:00 PM - 5:30 PM,Novel Approach to Agricultural Technology,Impressive research design and methodology. The presentation style was engaging.,4.9
P133,Lisa Alexander PhD,University of Michigan,Michigan,Research,1,4:00 PM - 5:30 PM,Implementation of IoT Solutions,Novel approach to solving the problem. The presenter demonstrated strong technical knowledge.,4.5
P136,Mrs. Rachel Austin,University of California Berkeley,Wisconsin,Innovation,1,4:00 PM - 5:30 PM,Design of Urban Planning,"Good research work, but could improve on visual presentation. The results were presented clearly.",3.5
P142,Becky Ray,University of Illinois Urbana-Champaign,North Carolina,Design,1,4:00 PM - 5:30 PM,Development of Machine Learning Algorithms,"Good technical depth, but could improve on communication. The future work direction was clear.",4.5
P184,Gabriel Grant,Carnegie Mellon University,Wisconsin,Technical,1,4:00 PM - 5:30 PM,Analysis of Cloud Computing Systems,Impressive research design and methodology. The practical applications were well-explained.,4.6
P200,Tiffany Harrington,Carnegie Mellon University,Illinois,Technical,1,4:00 PM - 5:30 PM,Creation of Urban Planning,"Good technical depth, but could improve on communication. The Q&A session was handled well.",4.0
P205,Heather Jones,Stanford University,California,Innovation,1,4:00 PM - 5:30 PM,Development of IoT Solutions,Impressive research design and methodology. The presenter demonstrated strong technical knowledge.,5.0
P208,Julie Roberts,Caltech,Illinois,Technical,1,4:00 PM - 5:30 PM,Creation of Product Design,Impressive research design and methodology. The presentation style was engaging.,4.4
P212,Kristi Wells,University of Illinois Urbana-Champaign,Virginia,Research,1,4:00 PM - 5:30 PM,Innovative Solution for Sustainable Energy,Well-structured presentation with good use of visuals. The visual aids were effective.,4.2
P213,Audrey Burgess,Harvard University,North Carolina,Innovation,1,4:00 PM - 5:30 PM,Study on Renewable Energy Solutions,"Strong technical foundation, but could benefit from more real-world applications. The practical applications were well-explained.",4.9
P246,Grant Lopez,University of Washington,Michigan,Innovation,1,4:00 PM - 5:30 PM,Investigation of Renewable Energy Solutions,Novel approach to solving the problem. The presenter demonstrated strong technical knowledge.,3.7
P266,Jennifer Landry,University of Wisconsin-Madison,Pennsylvania,Innovation,1,4:00 PM - 5:30 PM,Design of Interactive Systems,Comprehensive study with clear findings. The technical depth was appropriate.,3.5
P309,Eileen Baker,Stanford University,Ohio,Design,1,4:00 PM - 5:30 PM,Analysis of Cybersecurity Framework,Excellent presentation with clear methodology and results. The research implications were well-discussed.,3.7
P333,Keith Hansen,University of Texas at Austin,New York,Design,1,4:00 PM - 5:30 PM,Development of User Interface,"Innovative approach to the problem, well-executed study. The practical applications were well-explained.",3.6
P373,Robert Mosley,University of Illinois Urbana-Champaign,Washington,Innovation,1,4:00 PM - 5:30 PM,Investigation of Climate Change Impact,"Strong technical foundation, but could benefit from more real-world applications. The research implications were well-discussed.",4.0
P382,Aimee Hardy,University of Texas at Austin,Illinois,Innovation,1,4:00 PM - 5:30 PM,Design of Product Design,Interesting topic with practical implications. The results were presented clearly.,3.2
P396,Leonard Cole,University of Wisconsin-Madison,Massachusetts,Design,1,4:00 PM - 5:30 PM,Development of IoT Solutions,Impressive research design and methodology. The presenter demonstrated strong technical knowledge.,4.6
P002,Jennifer Erickson,University of Wisconsin-Madison,Illinois,Innovation,1,9:00 AM - 10:30 AM,Development of Machine Learning Algorithms,Interesting topic with practical implications. The practical applications were well-explained.,4.8
P011,Tara Thompson,University of California Los Angeles,New York,Design,1,9:00 AM - 10:30 AM,Novel Approach to Environmental Protection,Excellent presentation with clear methodology and results. The results were presented clearly.,4.1
P024,Jeffery Martin,University of California Berkeley,Georgia,Innovation,1,9:00 AM - 10:30 AM,Innovative Solution for Sustainable Energy,"Good technical depth, but could improve on communication. The Q&A session was handled well.",4.3
P035,Sandra Wilson,Harvard University,Indiana,Technical,1,9:00 AM - 10:30 AM,Development of Machine Learning Algorithms,"Good technical depth, but could improve on communication. The presentation style was engaging.",3.2
P046,Nathan Carter,University of Pennsylvania,North Carolina,Research,1,9:00 AM - 10:30 AM,Development of Urban Planning,Well-structured presentation with good use of visuals. The results were presented clearly.,4.5
P047,Justin Miranda,University of Michigan,Texas,Research,1,9:00 AM - 10:30 AM,Design of Urban Planning,Interesting topic with practical implications. The future work direction was clear.,3.7
P056,Eric Goodwin,Georgia Institute of Technology,Illinois,Research,1,9:00 AM - 10:30 AM,Innovative Solution for Sustainable Energy,Excellent presentation with clear methodology and results. The practical applications were well-explained.,3.7
P077,Patty Gomez,Georgia Institute of Technology,Washington,Technical,1,9:00 AM - 10:30 AM,Investigation of Urban Development,Comprehensive study with clear findings. The technical depth was appropriate.,3.5
P099,Christopher Kane,University of Pennsylvania,California,Research,1,9:00 AM - 10:30 AM,Analysis of Renewable Energy Solutions,Excellent presentation with clear methodology and results. The technical depth was appropriate.,5.0
P151,Jodi Odonnell,Georgia Institute of Technology,Georgia,Innovation,1,9:00 AM - 10:30 AM,Creation of User Interface,"Innovative approach to the problem, well-executed study. The presenter demonstrated strong technical knowledge.",4.5
P161,Rachel Rodriguez,University of Illinois Urbana-Champaign,Virginia,Technical,1,9:00 AM - 10:30 AM,Analysis of Blockchain Technology,"Innovative approach to the problem, well-executed study. The presenter demonstrated strong technical knowledge.",3.2
P202,Kelly Adams,University of Wisconsin-Madison,New York,Technical,1,9:00 AM - 10:30 AM,Development of Machine Learning Algorithms,Impressive research design and methodology. The research implications were well-discussed.,3.9
P219,Janet Wiggins,University of Texas at Austin,Georgia,Research,1,9:00 AM - 10:30 AM,Investigation of Educational Technology,"Good technical depth, but could improve on communication. The technical depth was appropriate.",3.7
P256,Linda Lowery,University of Texas at Austin,Georgia,Research,1,9:00 AM - 10:30 AM,Analysis of Healthcare Systems,Comprehensive study with clear findings. The technical depth was appropriate.,4.3
P257,Kenneth Campos,Georgia Institute of Technology,Wisconsin,Research,1,9:00 AM - 10:30 AM,Innovative Solution for Digital Healthcare,"Strong technical foundation, but could benefit from more real-world applications. The technical depth was appropriate.",4.5
P263,Ryan Nguyen,University of Illinois Urbana-Champaign,North Carolina,Technical,1,9:00 AM - 10:30 AM,Analysis of IoT Solutions,"Innovative approach to the problem, well-executed study. The presentation style was engaging.",4.3
P265,Kristina Richardson,Caltech,Virginia,Design,1,9:00 AM - 10:30 AM,Investigation of Climate Change Impact,"Good research work, but could improve on visual presentation. The visual aids were effective.",3.9
P268,Kimberly Avila,University of Illinois Urbana-Champaign,North Carolina,Design,1,9:00 AM - 10:30 AM,Creation of User Interface,"Strong technical foundation, but could benefit from more real-world applications. The practical applications were well-explained.",3.0
P288,Ashley Davis,Caltech,Michigan,Technical,1,9:00 AM - 10:30 AM,Creation of Interactive Systems,Novel approach to solving the problem. The methodology was well-explained.,3.2
P332,Heather Henderson,Stanford University,New Jersey,Technical,1,9:00 AM - 10:30 AM,Implementation of Blockchain Technology,Novel approach to solving the problem. The technical depth was appropriate.,4.7
P337,Christopher Kirby,MIT,New Jersey,Design,1,9:00 AM - 10:30 AM,Investigation of Urban Development,Impressive research design and methodology. The practical applications were well-explained.,4.4
P341,Ryan Gill,University of Texas at Austin,Texas,Research,1,9:00 AM - 10:30 AM,Study on Urban Development,Well-structured presentation with good use of visuals. The technical depth was appropriate.,3.8
P356,Christopher Shannon,University of California Berkeley,North Carolina,Research,1,9:00 AM - 10:30 AM,Analysis of IoT Solutions,Excellent presentation with clear methodology and results. The presentation style was engaging.,4.4
P357,David Byrd,Caltech,Michigan,Design,1,9:00 AM - 10:30 AM,Development of Cybersecurity Framework,Novel approach to solving the problem. The practical applications were well-explained.,4.2
P400,Meghan Evans,University of Texas at Austin,Virginia,Innovation,1,9:00 AM - 10:30 AM,Analysis of Blockchain Technology,"Good research work, but could improve on visual presentation. The methodology was well-explained.",3.2
P008,Keith Copeland,University of Wisconsin-Madison,Virginia,Innovation,2,11:00 AM - 12:30 PM,Analysis of Machine Learning Algorithms,Excellent presentation with clear methodology and results. The methodology was well-explained.,3.1
P012,Matthew Haynes,Stanford University,Wisconsin,Design,2,11:00 AM - 12:30 PM,Breakthrough in Digital Healthcare,Excellent presentation with clear methodology and results. The presentation style was engaging.,3.3
P016,Justin Good,University of Pennsylvania,Michigan,Technical,2,11:00 AM - 12:30 PM,Development of Blockchain Technology,Novel approach to solving the problem. The practical applications were well-explained.,4.7
P051,Raymond Williams,University of Michigan,Illinois,Research,2,11:00 AM - 12:30 PM,Development of Interactive Systems,Interesting topic with practical implications. The presenter demonstrated strong technical knowledge.,3.9
P055,Mr. Jason Lam,University of Washington,Ohio,Technical,2,11:00 AM - 12:30 PM,Breakthrough in Agricultural Technology,"Good research work, but could improve on visual presentation. The technical depth was appropriate.",4.3
P059,Tina Petersen,Harvard University,Washington,Design,2,11:00 AM - 12:30 PM,Breakthrough in Sustainable Energy,Impressive research design and methodology. The results were presented clearly.,4.4
P095,Rachel Gilbert,University of Texas at Austin,Wisconsin,Technical,2,11:00 AM - 12:30 PM,Design of User Interface,"Strong technical foundation, but could benefit from more real-world applications. The visual aids were effective.",3.7
P119,Amanda Thompson,Georgia Institute of Technology,Indiana,Research,2,11:00 AM - 12:30 PM,Breakthrough in Digital Healthcare,Excellent presentation with clear methodology and results. The practical applications were well-explained.,4.0
P135,Jason Fox,Stanford University,Ohio,Design,2,11:00 AM - 12:30 PM,Novel Approach to Sustainable Energy,Interesting topic with practical implications. The results were presented clearly.,3.2
P153,Christine Cunningham,University of Washington,New Jersey,Innovation,2,11:00 AM - 12:30 PM,Analysis of Machine Learning Algorithms,Excellent presentation with clear methodology and results. The results were presented clearly.,3.4
P170,Catherine Spencer,MIT,Wisconsin,Technical,2,11:00 AM - 12:30 PM,Breakthrough in Smart Cities,"Strong technical foundation, but could benefit from more real-world applications. The practical applications were well-explained.",4.3
P177,Rhonda Johnson,University of Wisconsin-Madison,Massachusetts,Technical,2,11:00 AM - 12:30 PM,Investigation of Educational Technology,Excellent presentation with clear methodology and results. The future work direction was clear.,4.1
P207,Jeffery Johnson,University of Illinois Urbana-Champaign,Ohio,Research,2,11:00 AM - 12:30 PM,Development of Cybersecurity Framework,Impressive research design and methodology. The future work direction was clear.,3.4
P264,Pamela Roberts,Stanford University,Wisconsin,Technical,2,11:00 AM - 12:30 PM,Analysis of Cybersecurity Framework,Novel approach to solving the problem. The presentation style was engaging.,3.9
P281,Bethany Marshall,University of California Los Angeles,Ohio,Technical,2,11:00 AM - 12:30 PM,Investigation of Renewable Energy Solutions,Excellent presentation with clear methodology and results. The presentation style was engaging.,4.4
P285,Steven Gibbs,University of Illinois Urbana-Champaign,Illinois,Innovation,2,11:00 AM - 12:30 PM,Analysis of Machine Learning Algorithms,"Innovative approach to the problem, well-executed study. The future work direction was clear.",3.5
P307,Jeanette Russell,Georgia Institute of Technology,Georgia,Research,2,11:00 AM - 12:30 PM,Development of IoT Solutions,"Good technical depth, but could improve on communication. The methodology was well-explained.",4.1
P326,David Arroyo,Harvard University,Georgia,Technical,2,11:00 AM - 12:30 PM,Innovative Solution for Digital Healthcare,Excellent presentation with clear methodology and results. The future work direction was clear.,4.8
P345,Roberto Hall,University of Washington,North Carolina,Research,2,11:00 AM - 12:30 PM,Implementation of IoT Solutions,Comprehensive study with clear findings. The research implications were well-discussed.,3.5
P358,Robert Patel,Purdue University,Texas,Technical,2,11:00 AM - 12:30 PM,Study on Educational Technology,Comprehensive study with clear findings. The presenter demonstrated strong technical knowledge.,4.3
P376,Jay Hernandez,University of California Los Angeles,Indiana,Innovation,2,11:00 AM - 12:30 PM,Investigation of Educational Technology,Interesting topic with practical implications. The methodology was well-explained.,4.5
P381,Aaron Hall,University of Michigan,Virginia,Innovation,2,11:00 AM - 12:30 PM,Analysis of Healthcare Systems,Impressive research design and methodology. The technical depth was appropriate.,4.5
P386,Corey Sanchez,University of Michigan,Indiana,Innovation,2,11:00 AM - 12:30 PM,Breakthrough in Digital Healthcare,Comprehensive study with clear findings. The presenter demonstrated strong technical knowledge.,4.9
P019,Paula Schultz,Harvard University,California,Innovation,2,2:00 PM - 3:30 PM,Breakthrough in Digital Healthcare,Novel approach to solving the problem. The technical depth was appropriate.,3.6
P028,Troy Hernandez,Purdue University,Wisconsin,Research,2,2:00 PM - 3:30 PM,Novel Approach to Sustainable Energy,Excellent presentation with clear methodology and results. The visual aids were effective.,3.0
P044,Leslie Martinez,Purdue University,Washington,Innovation,2,2:00 PM - 3:30 PM,Novel Approach to Agricultural Technology,Well-structured presentation with good use of visuals. The results were presented clearly.,3.9
P068,Kimberly Austin,Georgia Institute of Technology,Georgia,Research,2,2:00 PM - 3:30 PM,Analysis of Cybersecurity Framework,Comprehensive study with clear findings. The future work direction was clear.,3.8
P074,Mary Miller,Georgia Institute of Technology,Illinois,Innovation,2,2:00 PM - 3:30 PM,Creation of Sustainable Architecture,Impressive research design and methodology. The results were presented clearly.,3.4
P075,Jacqueline Wilson,University of Michigan,Michigan,Innovation,2,2:00 PM - 3:30 PM,Analysis of Urban Development,"Good research work, but could improve on visual presentation. The methodology was well-explained.",4.3
P076,Caitlyn Hebert,Stanford University,Indiana,Innovation,2,2:00 PM - 3:30 PM,Analysis of Healthcare Systems,"Innovative approach to the problem, well-executed study. The practical applications were well-explained.",4.7
P080,Andrew Ryan,University of Texas at Austin,Georgia,Technical,2,2:00 PM - 3:30 PM,Development of IoT Solutions,"Good research work, but could improve on visual presentation. The results were presented clearly.",3.5
P081,Nathan Perkins,University of Washington,Georgia,Research,2,2:00 PM - 3:30 PM,Development of Cybersecurity Framework,Well-structured presentation with good use of visuals. The results were presented clearly.,4.3
P084,Ann Payne,University of Wisconsin-Madison,North Carolina,Design,2,2:00 PM - 3:30 PM,Development of Sustainable Architecture,"Innovative approach to the problem, well-executed study. The presentation style was engaging.",4.9
P085,Jamie Robinson,MIT,Texas,Design,2,2:00 PM - 3:30 PM,Investigation of Educational Technology,"Good technical depth, but could improve on communication. The visual aids were effective.",4.7
P090,Jillian Wilson,Georgia Institute of Technology,Georgia,Design,2,2:00 PM - 3:30 PM,Analysis of Cybersecurity Framework,Excellent presentation with clear methodology and results. The results were presented clearly.,3.5
P111,Lisa Callahan,University of Wisconsin-Madison,North Carolina,Technical,2,2:00 PM - 3:30 PM,Breakthrough in Digital Healthcare,Excellent presentation with clear methodology and results. The results were presented clearly.,3.5
P129,Kathleen Spears,MIT,Ohio,Technical,2,2:00 PM - 3:30 PM,Breakthrough in Environmental Protection,"Innovative approach to the problem, well-executed study. The future work direction was clear.",4.5
P144,Ruth Wilson,Stanford University,Indiana,Design,2,2:00 PM - 3:30 PM,Development of IoT Solutions,Well-structured presentation with good use of visuals. The visual aids were effective.,4.6
P154,Daniel Fox,University of California Los Angeles,New Jersey,Design,2,2:00 PM - 3:30 PM,Development of IoT Solutions,"Strong technical foundation, but could benefit from more real-world applications. The research implications were well-discussed.",4.1
P159,Karen Jacobs,University of California Los Angeles,Washington,Innovation,2,2:00 PM - 3:30 PM,Creation of Sustainable Architecture,Impressive research design and methodology. The methodology was well-explained.,3.7
P173,Ashley Combs,University of Washington,Illinois,Technical,2,2:00 PM - 3:30 PM,Implementation of Machine Learning Algorithms,"Good research work, but could improve on visual presentation. The research implications were well-discussed.",3.5
P178,Ashley Duffy,Stanford University,New York,Innovation,2,2:00 PM - 3:30 PM,Analysis of Blockchain Technology,Novel approach to solving the problem. The results were presented clearly.,3.6
P180,Dana Edwards,University of Washington,Massachusetts,Technical,2,2:00 PM - 3:30 PM,Creation of User Interface,"Innovative approach to the problem, well-executed study. The presentation style was engaging.",3.4
P188,Bryan Casey DDS,University of Texas at Austin,New Jersey,Innovation,2,2:00 PM - 3:30 PM,Development of IoT Solutions,"Strong technical foundation, but could benefit from more real-world applications. The results were presented clearly.",3.1
P201,Hunter Morton,University of Michigan,Washington,Innovation,2,2:00 PM - 3:30 PM,Analysis of IoT Solutions,Novel approach to solving the problem. The practical applications were well-explained.,3.9
P217,Marvin Brennan,University of Wisconsin-Madison,Wisconsin,Research,2,2:00 PM - 3:30 PM,Investigation of Educational Technology,Comprehensive study with clear findings. The technical depth was appropriate.,3.4
P224,Mark Miller,University of Texas at Austin,California,Technical,2,2:00 PM - 3:30 PM,Novel Approach to Smart Cities,Novel approach to solving the problem. The results were presented clearly.,5.0
P227,Samantha Moore,Georgia Institute of Technology,Indiana,Research,2,2:00 PM - 3:30 PM,Design of Interactive Systems,Interesting topic with practical implications. The Q&A session was handled well.,3.1
P231,Heather Freeman,University of Washington,California,Innovation,2,2:00 PM - 3:30 PM,Analysis of Machine Learning Algorithms,"Good research work, but could improve on visual presentation. The technical depth was appropriate.",3.9
P247,Deborah Allen,University of Wisconsin-Madison,Georgia,Design,2,2:00 PM - 3:30 PM,Development of Product Design,"Innovative approach to the problem, well-executed study. The methodology was well-explained.",3.2
P250,Joseph Hickman,Purdue University,New Jersey,Research,2,2:00 PM - 3:30 PM,Analysis of IoT Solutions,"Strong technical foundation, but could benefit from more real-world applications. The presentation style was engaging.",4.0
P251,Carlos Gonzales,University of California Los Angeles,Indiana,Research,2,2:00 PM - 3:30 PM,Study on Renewable Energy Solutions,"Good research work, but could improve on visual presentation. The results were presented clearly.",3.6
P253,Steven Hendricks DDS,University of Texas at Austin,Pennsylvania,Research,2,2:00 PM - 3:30 PM,Novel Approach to Agricultural Technology,Novel approach to solving the problem. The visual aids were effective.,3.8
P284,Angela Robles,Caltech,Massachusetts,Design,2,2:00 PM - 3:30 PM,Investigation of Healthcare Systems,Interesting topic with practical implications. The presenter demonstrated strong technical knowledge.,4.0
P286,David Zhang,Georgia Institute of Technology,North Carolina,Research,2,2:00 PM - 3:30 PM,Study on Educational Technology,"Good technical depth, but could improve on communication. The technical depth was appropriate.",4.6
P311,Kyle Moon,University of Pennsylvania,New Jersey,Research,2,2:00 PM - 3:30 PM,Breakthrough in Agricultural Technology,Well-structured presentation with good use of visuals. The technical depth was appropriate.,4.1
P314,Jacqueline Wright,Georgia Institute of Technology,New York,Research,2,2:00 PM - 3:30 PM,Development of Interactive Systems,Excellent presentation with clear methodology and results. The presentation style was engaging.,4.5
P338,Kenneth Thompson,Purdue University,Wisconsin,Technical,2,2:00 PM - 3:30 PM,Breakthrough in Environmental Protection,Well-structured presentation with good use of visuals. The visual aids were effective.,4.8
P355,Michael Long,University of Illinois Urbana-Champaign,Indiana,Technical,2,2:00 PM - 3:30 PM,Study on Educational Technology,"Strong technical foundation, but could benefit from more real-world applications. The Q&A session was handled well.",4.9
P018,Amber Summers,University of Washington,Indiana,Innovation,2,4:00 PM - 5:30 PM,Design of User Interface,"Strong technical foundation, but could benefit from more real-world applications. The Q&A session was handled well.",4.4
P022,Heather Greene,University of Texas at Austin,Pennsylvania,Innovation,2,4:00 PM - 5:30 PM,Design of Product Design,Impressive research design and methodology. The Q&A session was handled well.,3.7
P023,Julie Alexander,Caltech,Georgia,Research,2,4:00 PM - 5:30 PM,Study on Renewable Energy Solutions,Novel approach to solving the problem. The practical applications were well-explained.,4.8
P041,Daniel Martin,University of Michigan,New Jersey,Design,2,4:00 PM - 5:30 PM,Design of User Interface,"Good technical depth, but could improve on communication. The methodology was well-explained.",4.3
P053,William Garcia,University of California Berkeley,Massachusetts,Design,2,4:00 PM - 5:30 PM,Development of Machine Learning Algorithms,"Innovative approach to the problem, well-executed study. The practical applications were well-explained.",4.5
P054,Emily Hill,Harvard University,Georgia,Technical,2,4:00 PM - 5:30 PM,Design of User Interface,Interesting topic with practical implications. The presenter demonstrated strong technical knowledge.,4.7
P072,Maureen Clayton,University of Pennsylvania,Massachusetts,Research,2,4:00 PM - 5:30 PM,Investigation of Educational Technology,"Good technical depth, but could improve on communication. The methodology was well-explained.",4.1
P102,Tammy Barnett,University of California Berkeley,Georgia,Innovation,2,4:00 PM - 5:30 PM,Innovative Solution for Agricultural Technology,Impressive research design and methodology. The presentation style was engaging.,3.3
P123,Louis Willis,University of Pennsylvania,New Jersey,Research,2,4:00 PM - 5:30 PM,Creation of Urban Planning,Excellent presentation with clear methodology and results. The Q&A session was handled well.,4.5
P127,Melissa Garcia,University of Wisconsin-Madison,Texas,Design,2,4:00 PM - 5:30 PM,Investigation of Renewable Energy Solutions,Novel approach to solving the problem. The visual aids were effective.,3.6
P128,Mary Graham,Harvard University,Texas,Research,2,4:00 PM - 5:30 PM,Analysis of Renewable Energy Solutions,"Innovative approach to the problem, well-executed study. The presentation style was engaging.",4.3
P149,Christine Hill MD,Stanford University,New Jersey,Technical,2,4:00 PM - 5:30 PM,Creation of Urban Planning,"Strong technical foundation, but could benefit from more real-world applications. The technical depth was appropriate.",3.6
P150,Catherine Cervantes,University of Wisconsin-Madison,Georgia,Design,2,4:00 PM - 5:30 PM,Analysis of Educational Technology,"Good research work, but could improve on visual presentation. The research implications were well-discussed.",3.3
P164,Mary Osborne,Harvard University,Indiana,Research,2,4:00 PM - 5:30 PM,Development of IoT Solutions,"Good technical depth, but could improve on communication. The practical applications were well-explained.",4.6
P183,Pamela Reyes,University of Texas at Austin,California,Technical,2,4:00 PM - 5:30 PM,Innovative Solution for Agricultural Technology,"Innovative approach to the problem, well-executed study. The methodology was well-explained.",3.0
P211,Sandra Hines,Stanford University,New York,Design,2,4:00 PM - 5:30 PM,Breakthrough in Smart Cities,"Strong technical foundation, but could benefit from more real-world applications. The research implications were well-discussed.",3.5
P233,Timothy Woods,University of Illinois Urbana-Champaign,Ohio,Research,2,4:00 PM - 5:30 PM,Innovative Solution for Environmental Protection,Excellent presentation with clear methodology and results. The practical applications were well-explained.,3.8
P245,Michelle Holden,Georgia Institute of Technology,New Jersey,Research,2,4:00 PM - 5:30 PM,Study on Urban Development,Comprehensive study with clear findings. The technical depth was appropriate.,4.1
P273,Daniel Dixon,Stanford University,Virginia,Innovation,2,4:00 PM - 5:30 PM,Implementation of Machine Learning Algorithms,Novel approach to solving the problem. The results were presented clearly.,3.3
P304,Richard Cook,University of Illinois Urbana-Champaign,Michigan,Technical,2,4:00 PM - 5:30 PM,Analysis of Cybersecurity Framework,Comprehensive study with clear findings. The presenter demonstrated strong technical knowledge.,3.7
P328,Marissa Black,University of California Berkeley,Pennsylvania,Technical,2,4:00 PM - 5:30 PM,Investigation of Educational Technology,Interesting topic with practical implications. The visual aids were effective.,3.5
P335,Leslie Hardy,Harvard University,Georgia,Technical,2,4:00 PM - 5:30 PM,Investigation of Healthcare Systems,"Innovative approach to the problem, well-executed study. The technical depth was appropriate.",4.1
P336,Darlene Gould,University of California Los Angeles,New Jersey,Technical,2,4:00 PM - 5:30 PM,Development of IoT Solutions,Well-structured presentation with good use of visuals. The presenter demonstrated strong technical knowledge.,4.9
P349,Laura Lopez,Purdue University,Illinois,Design,2,4:00 PM - 5:30 PM,Study on Healthcare Systems,Well-structured presentation with good use of visuals. The future work direction was clear.,4.0
P360,Mark Herrera,University of Wisconsin-Madison,California,Technical,2,4:00 PM - 5:30 PM,Breakthrough in Digital Healthcare,"Innovative approach to the problem, well-executed study. The methodology was well-explained.",3.9
P393,Chelsey James,Carnegie Mellon University,Georgia,Design,2,4:00 PM - 5:30 PM,Development of Cybersecurity Framework,Excellent presentation with clear methodology and results. The research implications were well-discussed.,3.5
P398,Barbara Myers,Carnegie Mellon University,Illinois,Design,2,4:00 PM - 5:30 PM,Investigation of Climate Change Impact,Comprehensive study with clear findings. The methodology was well-explained.,4.3
P005,Jason Burns,University of California Berkeley,New Jersey,Design,2,9:00 AM - 10:30 AM,Novel Approach to Digital Healthcare,Novel approach to solving the problem. The practical applications were well-explained.,4.9
P040,Jonathan Gilbert,Georgia Institute of Technology,Pennsylvania,Innovation,2,9:00 AM - 10:30 AM,Creation of User Interface,Novel approach to solving the problem. The results were presented clearly.,3.5
P050,Andrea Taylor,University of Michigan,Georgia,Technical,2,9:00 AM - 10:30 AM,Analysis of Climate Change Impact,Excellent presentation with clear methodology and results. The Q&A session was handled well.,3.9
P088,Hannah Ramirez,University of Pennsylvania,California,Innovation,2,9:00 AM - 10:30 AM,Novel Approach to Digital Healthcare,Novel approach to solving the problem. The visual aids were effective.,4.6
P094,Bobby Cooper,University of Texas at Austin,Massachusetts,Design,2,9:00 AM - 10:30 AM,Analysis of Machine Learning Algorithms,"Good research work, but could improve on visual presentation. The research implications were well-discussed.",4.9
P098,Karen Campos,University of Texas at Austin,Wisconsin,Design,2,9:00 AM - 10:30 AM,Implementation of Cloud Computing Systems,Interesting topic with practical implications. The presenter demonstrated strong technical knowledge.,4.2
P105,Dawn Sawyer,University of California Berkeley,Illinois,Technical,2,9:00 AM - 10:30 AM,Analysis of Climate Change Impact,Interesting topic with practical implications. The results were presented clearly.,4.3
P110,Laura Reynolds,University of Michigan,New York,Innovation,2,9:00 AM - 10:30 AM,Breakthrough in Digital Healthcare,Comprehensive study with clear findings. The methodology was well-explained.,4.7
P113,Gary Nelson,University of Washington,Wisconsin,Innovation,2,9:00 AM - 10:30 AM,Breakthrough in Smart Cities,Comprehensive study with clear findings. The technical depth was appropriate.,4.7
P117,Wanda Miller,University of Wisconsin-Madison,Georgia,Innovation,2,9:00 AM - 10:30 AM,Development of Cloud Computing Systems,Impressive research design and methodology. The results were presented clearly.,3.9
P175,Pamela Fox,University of California Berkeley,Illinois,Technical,2,9:00 AM - 10:30 AM,Analysis of Cybersecurity Framework,"Good technical depth, but could improve on communication. The presenter demonstrated strong technical knowledge.",4.4
P186,Aaron Lee,University of California Los Angeles,Indiana,Innovation,2,9:00 AM - 10:30 AM,Development of Sustainable Architecture,Comprehensive study with clear findings. The results were presented clearly.,3.6
P189,Rachel Lewis,Carnegie Mellon University,New Jersey,Design,2,9:00 AM - 10:30 AM,Design of Interactive Systems,"Good technical depth, but could improve on communication. The technical depth was appropriate.",3.1
P194,Bill Young,Purdue University,Virginia,Research,2,9:00 AM - 10:30 AM,Development of IoT Solutions,Comprehensive study with clear findings. The presentation style was engaging.,3.2
P197,William Jones,University of California Berkeley,Pennsylvania,Innovation,2,9:00 AM - 10:30 AM,Study on Climate Change Impact,Impressive research design and methodology. The presenter demonstrated strong technical knowledge.,3.9
P216,Melissa Craig,University of Wisconsin-Madison,Virginia,Research,2,9:00 AM - 10:30 AM,Development of Machine Learning Algorithms,Interesting topic with practical implications. The technical depth was appropriate.,3.9
P218,Melanie Green,Carnegie Mellon University,Indiana,Research,2,9:00 AM - 10:30 AM,Novel Approach to Environmental Protection,"Good technical depth, but could improve on communication. The methodology was well-explained.",4.5
P249,Lauren Baker,University of Pennsylvania,Illinois,Design,2,9:00 AM - 10:30 AM,Analysis of Healthcare Systems,"Good research work, but could improve on visual presentation. The future work direction was clear.",4.1
P275,Doris Peters,University of Michigan,Ohio,Technical,2,9:00 AM - 10:30 AM,Innovative Solution for Digital Healthcare,Excellent presentation with clear methodology and results. The results were presented clearly.,3.7
P282,Melinda Orr,Georgia Institute of Technology,Pennsylvania,Design,2,9:00 AM - 10:30 AM,Creation of Product Design,"Good technical depth, but could improve on communication. The presentation style was engaging.",3.6
P283,Juan Davis,Carnegie Mellon University,Virginia,Research,2,9:00 AM - 10:30 AM,Analysis of Climate Change Impact,Excellent presentation with clear methodology and results. The presentation style was engaging.,3.6
P292,Caroline Turner,Purdue University,New York,Innovation,2,9:00 AM - 10:30 AM,Breakthrough in Agricultural Technology,Comprehensive study with clear findings. The visual aids were effective.,4.9
P312,Lacey Sosa,University of Michigan,Michigan,Design,2,9:00 AM - 10:30 AM,Study on Renewable Energy Solutions,"Good research work, but could improve on visual presentation. The presentation style was engaging.",3.6
P313,Michael Kelley,Stanford University,Massachusetts,Research,2,9:00 AM - 10:30 AM,Development of Product Design,"Good technical depth, but could improve on communication. The visual aids were effective.",4.2
P317,Sylvia Richards,University of California Berkeley,Illinois,Innovation,2,9:00 AM - 10:30 AM,Implementation of Cloud Computing Systems,Interesting topic with practical implications. The research implications were well-discussed.,3.9
P323,Angela Schmitt,Purdue University,New Jersey,Technical,2,9:00 AM - 10:30 AM,Innovative Solution for Smart Cities,Excellent presentation with clear methodology and results. The Q&A session was handled well.,3.7
P344,Rebecca Holmes,University of California Los Angeles,Pennsylvania,Technical,2,9:00 AM - 10:30 AM,Analysis of IoT Solutions,Impressive research design and methodology. The research implications were well-discussed.,4.9
P380,Jacob Skinner,MIT,Wisconsin,Research,2,9:00 AM - 10:30 AM,Design of Urban Planning,Impressive research design and methodology. The future work direction was clear.,4.5
P394,Helen Parker,University of Washington,New York,Research,2,9:00 AM - 10:30 AM,Analysis of Healthcare Systems,Comprehensive study with clear findings. The visual aids were effective.,3.4
P397,Billy Alexander,University of California Los Angeles,Indiana,Innovation,2,9:00 AM - 10:30 AM,Analysis of Climate Change Impact,"Strong technical foundation, but could benefit from more real-world applications. The visual aids were effective.",4.8
P043,Heather Green,Carnegie Mellon University,New York,Design,3,11:00 AM - 12:30 PM,Analysis of Urban Development,Comprehensive study with clear findings. The methodology was well-explained.,4.5
P058,Michelle Hartman,MIT,California,Research,3,11:00 AM - 12:30 PM,Design of Product Design,"Good research work, but could improve on visual presentation. The Q&A session was handled well.",4.3
P122,Jennifer Hunt,University of Washington,Ohio,Technical,3,11:00 AM - 12:30 PM,Investigation of Renewable Energy Solutions,Excellent presentation with clear methodology and results. The presentation style was engaging.,3.3
P137,Melinda Day,University of Wisconsin-Madison,New York,Technical,3,11:00 AM - 12:30 PM,Breakthrough in Agricultural Technology,Excellent presentation with clear methodology and results. The Q&A session was handled well.,3.4
P140,Samantha Wang,MIT,California,Innovation,3,11:00 AM - 12:30 PM,Design of Product Design,Excellent presentation with clear methodology and results. The technical depth was appropriate.,4.2
P162,Stephanie Burnett,University of Washington,New York,Research,3,11:00 AM - 12:30 PM,Design of Urban Planning,Novel approach to solving the problem. The presentation style was engaging.,4.6
P165,Michelle Howard,University of California Los Angeles,Pennsylvania,Innovation,3,11:00 AM - 12:30 PM,Breakthrough in Agricultural Technology,Interesting topic with practical implications. The methodology was well-explained.,3.4
P176,Briana Friedman,University of California Los Angeles,North Carolina,Technical,3,11:00 AM - 12:30 PM,Study on Renewable Energy Solutions,"Strong technical foundation, but could benefit from more real-world applications. The technical depth was appropriate.",4.9
P191,Raven James,University of Texas at Austin,Georgia,Technical,3,11:00 AM - 12:30 PM,Analysis of Climate Change Impact,Interesting topic with practical implications. The presenter demonstrated strong technical knowledge.,4.1
P206,Donald Wang,University of Michigan,Illinois,Innovation,3,11:00 AM - 12:30 PM,Analysis of Healthcare Systems,Well-structured presentation with good use of visuals. The technical depth was appropriate.,4.8
P221,Jordan Davidson,Caltech,Indiana,Design,3,11:00 AM - 12:30 PM,Breakthrough in Digital Healthcare,"Good research work, but could improve on visual presentation. The technical depth was appropriate.",4.8
P222,Michael Day,University of Michigan,Wisconsin,Research,3,11:00 AM - 12:30 PM,Creation of Product Design,Comprehensive study with clear findings. The Q&A session was handled well.,4.8
P232,Jonathan Rodriguez,University of Illinois Urbana-Champaign,Ohio,Design,3,11:00 AM - 12:30 PM,Creation of Sustainable Architecture,Well-structured presentation with good use of visuals. The research implications were well-discussed.,4.1
P240,Rebecca Stewart,University of Texas at Austin,North Carolina,Research,3,11:00 AM - 12:30 PM,Study on Healthcare Systems,Well-structured presentation with good use of visuals. The technical depth was appropriate.,4.7
P243,Heather Nichols,Purdue University,Virginia,Design,3,11:00 AM - 12:30 PM,Analysis of Healthcare Systems,"Good technical depth, but could improve on communication. The Q&A session was handled well.",4.4
P261,Matthew Rogers,University of Illinois Urbana-Champaign,Virginia,Research,3,11:00 AM - 12:30 PM,Development of Cybersecurity Framework,Well-structured presentation with good use of visuals. The practical applications were well-explained.,3.8
P270,Lori Edwards,Carnegie Mellon University,Texas,Research,3,11:00 AM - 12:30 PM,Investigation of Renewable Energy Solutions,"Good technical depth, but could improve on communication. The technical depth was appropriate.",4.9
P272,Jennifer Acevedo,University of California Los Angeles,Massachusetts,Technical,3,11:00 AM - 12:30 PM,Breakthrough in Smart Cities,"Innovative approach to the problem, well-executed study. The future work direction was clear.",4.0
P305,Brittany Russell,University of Illinois Urbana-Champaign,New Jersey,Innovation,3,11:00 AM - 12:30 PM,Design of Urban Planning,"Strong technical foundation, but could benefit from more real-world applications. The future work direction was clear.",4.5
P315,Darren Clayton,University of Wisconsin-Madison,Wisconsin,Innovation,3,11:00 AM - 12:30 PM,Development of Sustainable Architecture,"Strong technical foundation, but could benefit from more real-world applications. The practical applications were well-explained.",4.5
P327,Katherine Gomez,University of Pennsylvania,Indiana,Innovation,3,11:00 AM - 12:30 PM,Study on Renewable Energy Solutions,"Strong technical foundation, but could benefit from more real-world applications. The practical applications were well-explained.",3.8
P353,Craig Carson,Carnegie Mellon University,Washington,Research,3,11:00 AM - 12:30 PM,Analysis of Cybersecurity Framework,"Strong technical foundation, but could benefit from more real-world applications. The research implications were well-discussed.",3.9
P369,Molly Palmer,University of California Berkeley,California,Innovation,3,11:00 AM - 12:30 PM,Analysis of Healthcare Systems,Comprehensive study with clear findings. The visual aids were effective.,4.8
P371,Christopher Johnson,Harvard University,Ohio,Research,3,11:00 AM - 12:30 PM,Analysis of Cloud Computing Systems,"Good technical depth, but could improve on communication. The technical depth was appropriate.",4.3
P384,Sherri Clark,Purdue University,Georgia,Design,3,11:00 AM - 12:30 PM,Investigation of Educational Technology,Interesting topic with practical implications. The practical applications were well-explained.,3.8
P392,Mrs. Haley Smith,University of Michigan,Georgia,Technical,3,11:00 AM - 12:30 PM,Implementation of Cloud Computing Systems,Well-structured presentation with good use of visuals. The methodology was well-explained.,3.3
P004,Katelyn Rivers,University of Michigan,California,Research,3,2:00 PM - 3:30 PM,Investigation of Renewable Energy Solutions,Interesting topic with practical implications. The Q&A session was handled well.,4.1
P015,Patrick Henry,University of Illinois Urbana-Champaign,Washington,Design,3,2:00 PM - 3:30 PM,Study on Urban Development,Excellent presentation with clear methodology and results. The results were presented clearly.,3.0
P032,Kelly Cox,University of Michigan,Virginia,Innovation,3,2:00 PM - 3:30 PM,Implementation of Machine Learning Algorithms,"Strong technical foundation, but could benefit from more real-world applications. The practical applications were well-explained.",4.1
P033,Roy Barr,Caltech,Georgia,Research,3,2:00 PM - 3:30 PM,Breakthrough in Agricultural Technology,"Good research work, but could improve on visual presentation. The future work direction was clear.",4.8
P066,Erica Stanley MD,Purdue University,Michigan,Innovation,3,2:00 PM - 3:30 PM,Creation of Sustainable Architecture,Well-structured presentation with good use of visuals. The methodology was well-explained.,4.8
P106,Susan Mcdonald,Georgia Institute of Technology,Indiana,Innovation,3,2:00 PM - 3:30 PM,Analysis of Cloud Computing Systems,"Good technical depth, but could improve on communication. The results were presented clearly.",4.5
P130,Kyle Mcbride,Harvard University,Pennsylvania,Technical,3,2:00 PM - 3:30 PM,Analysis of Machine Learning Algorithms,"Innovative approach to the problem, well-executed study. The methodology was well-explained.",3.8
P152,Michael Edwards,University of Texas at Austin,North Carolina,Design,3,2:00 PM - 3:30 PM,Analysis of Educational Technology,Impressive research design and methodology. The practical applications were well-explained.,3.2
P158,Kenneth Tran,Georgia Institute of Technology,California,Technical,3,2:00 PM - 3:30 PM,Innovative Solution for Smart Cities,Interesting topic with practical implications. The future work direction was clear.,3.3
P193,Sean Williams,Stanford University,California,Technical,3,2:00 PM - 3:30 PM,Novel Approach to Digital Healthcare,"Innovative approach to the problem, well-executed study. The Q&A session was handled well.",3.5
P195,Tara Moss,University of Washington,Washington,Research,3,2:00 PM - 3:30 PM,Development of Cloud Computing Systems,Comprehensive study with clear findings. The presentation style was engaging.,4.6
P241,Amy Rodriguez,MIT,New York,Research,3,2:00 PM - 3:30 PM,Creation of Sustainable Architecture,Excellent presentation with clear methodology and results. The presenter demonstrated strong technical knowledge.,4.6
P258,Heather Jackson,University of Illinois Urbana-Champaign,Indiana,Research,3,2:00 PM - 3:30 PM,Development of Sustainable Architecture,Well-structured presentation with good use of visuals. The visual aids were effective.,4.9
P267,Kristina Jackson,Purdue University,Massachusetts,Technical,3,2:00 PM - 3:30 PM,Creation of Product Design,Excellent presentation with clear methodology and results. The presentation style was engaging.,3.6
P274,Vincent Holland,Georgia Institute of Technology,New York,Technical,3,2:00 PM - 3:30 PM,Analysis of Renewable Energy Solutions,"Good technical depth, but could improve on communication. The methodology was well-explained.",3.6
P276,Rodney Scott,University of Pennsylvania,Indiana,Design,3,2:00 PM - 3:30 PM,Development of Product Design,"Good research work, but could improve on visual presentation. The presenter demonstrated strong technical knowledge.",3.5
P287,Douglas Brewer,Stanford University,New Jersey,Design,3,2:00 PM - 3:30 PM,Novel Approach to Digital Healthcare,Novel approach to solving the problem. The methodology was well-explained.,4.9
P290,Kyle Holloway,University of California Los Angeles,California,Innovation,3,2:00 PM - 3:30 PM,Design of Sustainable Architecture,Impressive research design and methodology. The Q&A session was handled well.,3.6
P295,Christopher Lopez,University of Michigan,Illinois,Technical,3,2:00 PM - 3:30 PM,Analysis of Blockchain Technology,Novel approach to solving the problem. The presentation style was engaging.,3.0
P318,Monica Tapia DDS,Harvard University,North Carolina,Research,3,2:00 PM - 3:30 PM,Development of Cloud Computing Systems,Excellent presentation with clear methodology and results. The research implications were well-discussed.,5.0
P325,Steven Kennedy,University of California Berkeley,Texas,Technical,3,2:00 PM - 3:30 PM,Development of User Interface,Novel approach to solving the problem. The visual aids were effective.,4.1
P348,Julie Jones,Stanford University,Indiana,Innovation,3,2:00 PM - 3:30 PM,Study on Renewable Energy Solutions,"Strong technical foundation, but could benefit from more real-world applications. The presentation style was engaging.",4.4
P021,John Chavez,Caltech,Wisconsin,Design,3,4:00 PM - 5:30 PM,Novel Approach to Smart Cities,Well-structured presentation with good use of visuals. The presenter demonstrated strong technical knowledge.,4.4
P025,Kara Bryant,Georgia Institute of Technology,Ohio,Design,3,4:00 PM - 5:30 PM,Development of Cybersecurity Framework,Comprehensive study with clear findings. The methodology was well-explained.,4.6
P026,Derek Moore,University of Texas at Austin,Georgia,Innovation,3,4:00 PM - 5:30 PM,Development of Cybersecurity Framework,Well-structured presentation with good use of visuals. The methodology was well-explained.,4.8
P065,Caroline Brown,MIT,New York,Research,3,4:00 PM - 5:30 PM,Design of Sustainable Architecture,Well-structured presentation with good use of visuals. The technical depth was appropriate.,4.8
P071,Julie Sullivan,University of California Los Angeles,Wisconsin,Technical,3,4:00 PM - 5:30 PM,Development of Blockchain Technology,Interesting topic with practical implications. The future work direction was clear.,4.2
P096,Robert Turner,University of California Los Angeles,Washington,Innovation,3,4:00 PM - 5:30 PM,Novel Approach to Agricultural Technology,"Strong technical foundation, but could benefit from more real-world applications. The research implications were well-discussed.",3.4
P104,Angela Nelson,Purdue University,Pennsylvania,Research,3,4:00 PM - 5:30 PM,Study on Educational Technology,"Strong technical foundation, but could benefit from more real-world applications. The research implications were well-discussed.",3.7
P112,William Ortega,University of Illinois Urbana-Champaign,Pennsylvania,Research,3,4:00 PM - 5:30 PM,Analysis of Blockchain Technology,"Good research work, but could improve on visual presentation. The presentation style was engaging.",3.6
P134,Abigail Williams,University of Michigan,Ohio,Design,3,4:00 PM - 5:30 PM,Development of Cybersecurity Framework,"Good research work, but could improve on visual presentation. The presenter demonstrated strong technical knowledge.",4.0
P192,Megan Martinez,University of Illinois Urbana-Champaign,California,Design,3,4:00 PM - 5:30 PM,Investigation of Renewable Energy Solutions,"Strong technical foundation, but could benefit from more real-world applications. The Q&A session was handled well.",4.6
P204,Joseph Beard,University of California Los Angeles,Virginia,Technical,3,4:00 PM - 5:30 PM,Innovative Solution for Environmental Protection,Impressive research design and methodology. The future work direction was clear.,3.5
P228,James Gonzales,Purdue University,Washington,Innovation,3,4:00 PM - 5:30 PM,Innovative Solution for Digital Healthcare,"Good technical depth, but could improve on communication. The Q&A session was handled well.",4.6
P234,Sonia Butler,MIT,Georgia,Research,3,4:00 PM - 5:30 PM,Study on Healthcare Systems,Well-structured presentation with good use of visuals. The visual aids were effective.,4.7
P271,Eric Bridges,University of Pennsylvania,New Jersey,Design,3,4:00 PM - 5:30 PM,Design of Urban Planning,"Good technical depth, but could improve on communication. The practical applications were well-explained.",4.7
P294,Erik Bennett,University of Michigan,Massachusetts,Research,3,4:00 PM - 5:30 PM,Development of Sustainable Architecture,Novel approach to solving the problem. The practical applications were well-explained.,4.6
P321,Timothy Waller,MIT,California,Technical,3,4:00 PM - 5:30 PM,Implementation of Machine Learning Algorithms,"Innovative approach to the problem, well-executed study. The practical applications were well-explained.",3.7
P354,James Newton,University of Wisconsin-Madison,Wisconsin,Design,3,4:00 PM - 5:30 PM,Analysis of Educational Technology,"Good research work, but could improve on visual presentation. The technical depth was appropriate.",3.5
P368,Nicholas Lee,University of California Los Angeles,Massachusetts,Design,3,4:00 PM - 5:30 PM,Breakthrough in Environmental Protection,Interesting topic with practical implications. The technical depth was appropriate.,3.6
P007,Bradley Hayes,University of Illinois Urbana-Champaign,North Carolina,Research,3,9:00 AM - 10:30 AM,Novel Approach to Environmental Protection,Excellent presentation with clear methodology and results. The Q&A session was handled well.,3.3
P037,Karen Thompson,Purdue University,Washington,Design,3,9:00 AM - 10:30 AM,Innovative Solution for Smart Cities,Excellent presentation with clear methodology and results. The presenter demonstrated strong technical knowledge.,3.4
P062,Michele Hall,University of Illinois Urbana-Champaign,Virginia,Technical,3,9:00 AM - 10:30 AM,Investigation of Climate Change Impact,Interesting topic with practical implications. The future work direction was clear.,3.1
P087,Theresa Mcguire,University of Washington,Virginia,Technical,3,9:00 AM - 10:30 AM,Study on Urban Development,"Good research work, but could improve on visual presentation. The research implications were well-discussed.",3.0
P091,Erin Jackson,Georgia Institute of Technology,Indiana,Design,3,9:00 AM - 10:30 AM,Development of User Interface,"Good technical depth, but could improve on communication. The visual aids were effective.",4.2
P109,Marc Miller,Stanford University,Virginia,Technical,3,9:00 AM - 10:30 AM,Analysis of Educational Technology,Comprehensive study with clear findings. The results were presented clearly.,4.3
P118,Deborah Griffith,Harvard University,New Jersey,Technical,3,9:00 AM - 10:30 AM,Implementation of Blockchain Technology,Excellent presentation with clear methodology and results. The practical applications were well-explained.,3.7
P120,Anita Jackson,University of Illinois Urbana-Champaign,Virginia,Innovation,3,9:00 AM - 10:30 AM,Novel Approach to Digital Healthcare,Excellent presentation with clear methodology and results. The Q&A session was handled well.,3.2
P143,James Rios,Harvard University,North Carolina,Technical,3,9:00 AM - 10:30 AM,Creation of Urban Planning,Interesting topic with practical implications. The research implications were well-discussed.,5.0
P148,Brooke Moore,University of Wisconsin-Madison,Michigan,Design,3,9:00 AM - 10:30 AM,Analysis of Educational Technology,Well-structured presentation with good use of visuals. The methodology was well-explained.,3.9
P166,Lauren Wolf,University of Texas at Austin,Indiana,Innovation,3,9:00 AM - 10:30 AM,Creation of Interactive Systems,"Good technical depth, but could improve on communication. The technical depth was appropriate.",3.8
P190,Rebecca Hamilton,MIT,North Carolina,Design,3,9:00 AM - 10:30 AM,Design of Interactive Systems,"Good research work, but could improve on visual presentation. The visual aids were effective.",3.8
P226,Andrea Williams,University of Michigan,Pennsylvania,Technical,3,9:00 AM - 10:30 AM,Analysis of Educational Technology,"Good technical depth, but could improve on communication. The Q&A session was handled well.",4.6
P235,Sarah Knapp,University of California Berkeley,Pennsylvania,Research,3,9:00 AM - 10:30 AM,Analysis of Healthcare Systems,"Good technical depth, but could improve on communication. The presenter demonstrated strong technical knowledge.",3.4
P239,Carrie Obrien,Stanford University,Wisconsin,Innovation,3,9:00 AM - 10:30 AM,Development of Interactive Systems,Comprehensive study with clear findings. The visual aids were effective.,4.5
P242,Phillip Cline,University of Pennsylvania,Washington,Technical,3,9:00 AM - 10:30 AM,Development of IoT Solutions,Well-structured presentation with good use of visuals. The research implications were well-discussed.,3.5
P255,Pamela Hernandez,University of Pennsylvania,Texas,Research,3,9:00 AM - 10:30 AM,Implementation of Machine Learning Algorithms,Excellent presentation with clear methodology and results. The research implications were well-discussed.,4.9
P291,Thomas Murphy,University of Wisconsin-Madison,Wisconsin,Research,3,9:00 AM - 10:30 AM,Analysis of Cloud Computing Systems,Interesting topic with practical implications. The future work direction was clear.,3.2
P296,Michelle Moody,University of California Los Angeles,Massachusetts,Design,3,9:00 AM - 10:30 AM,Development of Cybersecurity Framework,"Good research work, but could improve on visual presentation. The methodology was well-explained.",4.5
P329,Mary Pratt,Harvard University,Michigan,Design,3,9:00 AM - 10:30 AM,Development of Cloud Computing Systems,Well-structured presentation with good use of visuals. The practical applications were well-explained.,3.1
P334,Gregory Hahn,University of Michigan,Virginia,Research,3,9:00 AM - 10:30 AM,Novel Approach to Digital Healthcare,Interesting topic with practical implications. The practical applications were well-explained.,3.6
P340,Deborah Torres,University of Illinois Urbana-Champaign,Wisconsin,Research,3,9:00 AM - 10:30 AM,Design of Product Design,Interesting topic with practical implications. The Q&A session was handled well.,3.2
P362,Andrew Wright,University of Illinois Urbana-Champaign,Illinois,Research,3,9:00 AM - 10:30 AM,Development of Blockchain Technology,"Innovative approach to the problem, well-executed study. The research implications were well-discussed.",4.3
P006,Laura Baker,Stanford University,Wisconsin,Design,4,11:00 AM - 12:30 PM,Breakthrough in Digital Healthcare,"Innovative approach to the problem, well-executed study. The visual aids were effective.",3.6
P010,William Wright,Stanford University,Texas,Research,4,11:00 AM - 12:30 PM,Analysis of Urban Development,Well-structured presentation with good use of visuals. The methodology was well-explained.,3.7
P029,Tamara White,University of Wisconsin-Madison,Virginia,Technical,4,11:00 AM - 12:30 PM,Study on Educational Technology,Interesting topic with practical implications. The presentation style was engaging.,3.3
P049,Eric Evans,University of California Berkeley,Illinois,Innovation,4,11:00 AM - 12:30 PM,Investigation of Climate Change Impact,Comprehensive study with clear findings. The presentation style was engaging.,3.5
P069,Amanda Steele,Carnegie Mellon University,Wisconsin,Innovation,4,11:00 AM - 12:30 PM,Development of Product Design,"Innovative approach to the problem, well-executed study. The Q&A session was handled well.",4.5
P101,Tamara Spencer,Harvard University,New Jersey,Design,4,11:00 AM - 12:30 PM,Design of Sustainable Architecture,"Strong technical foundation, but could benefit from more real-world applications. The technical depth was appropriate.",4.7
P115,Christopher Guzman,MIT,Michigan,Research,4,11:00 AM - 12:30 PM,Study on Urban Development,"Innovative approach to the problem, well-executed study. The Q&A session was handled well.",4.5
P145,Robert Jefferson,University of California Berkeley,Illinois,Research,4,11:00 AM - 12:30 PM,Investigation of Urban Development,"Good research work, but could improve on visual presentation. The Q&A session was handled well.",3.7
P210,Gerald Sandoval,University of Michigan,Georgia,Design,4,11:00 AM - 12:30 PM,Analysis of Renewable Energy Solutions,"Good research work, but could improve on visual presentation. The results were presented clearly.",3.4
P225,Robin Hamilton,Carnegie Mellon University,Indiana,Design,4,11:00 AM - 12:30 PM,Analysis of IoT Solutions,"Good technical depth, but could improve on communication. The research implications were well-discussed.",4.2
P260,Jennifer Jones,University of Texas at Austin,Michigan,Research,4,11:00 AM - 12:30 PM,Study on Renewable Energy Solutions,Excellent presentation with clear methodology and results. The results were presented clearly.,3.2
P269,Nicholas Flynn,Purdue University,Washington,Technical,4,11:00 AM - 12:30 PM,Analysis of Renewable Energy Solutions,Well-structured presentation with good use of visuals. The research implications were well-discussed.,3.5
P350,Patrick Beard Jr.,Purdue University,Illinois,Design,4,11:00 AM - 12:30 PM,Design of Sustainable Architecture,Comprehensive study with clear findings. The technical depth was appropriate.,4.3
P367,Kevin White,University of Wisconsin-Madison,Illinois,Design,4,11:00 AM - 12:30 PM,Design of Sustainable Architecture,Excellent presentation with clear methodology and results. The future work direction was clear.,3.6
P375,Drew Howe,Georgia Institute of Technology,Michigan,Innovation,4,11:00 AM - 12:30 PM,Breakthrough in Digital Healthcare,Impressive research design and methodology. The technical depth was appropriate.,3.8
P378,Bailey Pittman,University of Illinois Urbana-Champaign,New Jersey,Research,4,11:00 AM - 12:30 PM,Breakthrough in Digital Healthcare,"Innovative approach to the problem, well-executed study. The research implications were well-discussed.",3.2
P020,Rodney Hanna,University of Michigan,North Carolina,Innovation,4,2:00 PM - 3:30 PM,Investigation of Healthcare Systems,"Innovative approach to the problem, well-executed study. The presenter demonstrated strong technical knowledge.",4.5
P086,Robert Lopez,Georgia Institute of Technology,Pennsylvania,Design,4,2:00 PM - 3:30 PM,Analysis of Healthcare Systems,Well-structured presentation with good use of visuals. The practical applications were well-explained.,4.6
P114,Joseph Williams,University of Texas at Austin,Ohio,Design,4,2:00 PM - 3:30 PM,Design of User Interface,"Innovative approach to the problem, well-executed study. The presentation style was engaging.",3.8
P131,Elizabeth Banks,University of Wisconsin-Madison,Virginia,Technical,4,2:00 PM - 3:30 PM,Development of Product Design,Excellent presentation with clear methodology and results. The technical depth was appropriate.,4.2
P138,Wendy Cole,University of Washington,North Carolina,Technical,4,2:00 PM - 3:30 PM,Innovative Solution for Agricultural Technology,"Good research work, but could improve on visual presentation. The research implications were well-discussed.",4.9
P167,Michael Kennedy,University of Wisconsin-Madison,Virginia,Research,4,2:00 PM - 3:30 PM,Creation of User Interface,"Strong technical foundation, but could benefit from more real-world applications. The technical depth was appropriate.",3.1
P171,Shaun Long,Stanford University,Michigan,Research,4,2:00 PM - 3:30 PM,Development of Sustainable Architecture,"Good technical depth, but could improve on communication. The Q&A session was handled well.",3.9
P199,Matthew Andersen,University of Michigan,Michigan,Technical,4,2:00 PM - 3:30 PM,Development of User Interface,Novel approach to solving the problem. The visual aids were effective.,3.8
P214,Thomas Garza,University of Texas at Austin,Wisconsin,Design,4,2:00 PM - 3:30 PM,Analysis of Renewable Energy Solutions,Interesting topic with practical implications. The results were presented clearly.,4.2
P230,Melanie Wheeler,Caltech,Indiana,Research,4,2:00 PM - 3:30 PM,Development of IoT Solutions,Novel approach to solving the problem. The future work direction was clear.,3.4
P237,Mark Jones,Stanford University,North Carolina,Innovation,4,2:00 PM - 3:30 PM,Development of Urban Planning,Interesting topic with practical implications. The presentation style was engaging.,3.3
P248,William Jones,Stanford University,Indiana,Research,4,2:00 PM - 3:30 PM,Analysis of Machine Learning Algorithms,Interesting topic with practical implications. The presentation style was engaging.,4.6
P297,Peter Dougherty,Caltech,Indiana,Technical,4,2:00 PM - 3:30 PM,Implementation of IoT Solutions,"Innovative approach to the problem, well-executed study. The future work direction was clear.",3.5
P302,Michele Evans,University of Washington,Pennsylvania,Innovation,4,2:00 PM - 3:30 PM,Design of Urban Planning,Well-structured presentation with good use of visuals. The Q&A session was handled well.,4.4
P308,Roy Camacho,University of Wisconsin-Madison,Wisconsin,Technical,4,2:00 PM - 3:30 PM,Novel Approach to Digital Healthcare,"Strong technical foundation, but could benefit from more real-world applications. The research implications were well-discussed.",3.8
P339,Paula Hebert,Carnegie Mellon University,Texas,Technical,4,2:00 PM - 3:30 PM,Analysis of Machine Learning Algorithms,"Strong technical foundation, but could benefit from more real-world applications. The results were presented clearly.",4.8
P352,Katherine Carroll,University of Washington,Wisconsin,Innovation,4,2:00 PM - 3:30 PM,Analysis of Urban Development,Interesting topic with practical implications. The Q&A session was handled well.,3.9
P361,Patricia Jackson,Harvard University,North Carolina,Research,4,2:00 PM - 3:30 PM,Breakthrough in Digital Healthcare,Novel approach to solving the problem. The visual aids were effective.,4.2
P385,Mrs. Nancy Ellis,University of Texas at Austin,Pennsylvania,Innovation,4,2:00 PM - 3:30 PM,Development of Cloud Computing Systems,"Strong technical foundation, but could benefit from more real-world applications. The Q&A session was handled well.",4.4
P003,Monica Mcmahon,Purdue University,Massachusetts,Innovation,4,4:00 PM - 5:30 PM,Development of Urban Planning,Well-structured presentation with good use of visuals. The visual aids were effective.,4.6
P052,Mr. Eric Kelley Jr.,University of Illinois Urbana-Champaign,Washington,Innovation,4,4:00 PM - 5:30 PM,Design of Product Design,"Good research work, but could improve on visual presentation. The technical depth was appropriate.",3.9
P083,Cindy Pierce,Georgia Institute of Technology,Pennsylvania,Research,4,4:00 PM - 5:30 PM,Analysis of Renewable Energy Solutions,Impressive research design and methodology. The future work direction was clear.,4.4
P092,Samantha Mays,Georgia Institute of Technology,North Carolina,Design,4,4:00 PM - 5:30 PM,Breakthrough in Agricultural Technology,Excellent presentation with clear methodology and results. The presenter demonstrated strong technical knowledge.,4.3
P097,Richard Brewer,Georgia Institute of Technology,Illinois,Innovation,4,4:00 PM - 5:30 PM,Design of Product Design,Comprehensive study with clear findings. The visual aids were effective.,3.4
P132,Rachel Oliver,University of Texas at Austin,Indiana,Research,4,4:00 PM - 5:30 PM,Study on Urban Development,"Good technical depth, but could improve on communication. The research implications were well-discussed.",3.8
P141,Aaron Gonzalez,MIT,California,Technical,4,4:00 PM - 5:30 PM,Creation of Sustainable Architecture,"Innovative approach to the problem, well-executed study. The methodology was well-explained.",3.1
P156,Marcus Flynn,Georgia Institute of Technology,Illinois,Innovation,4,4:00 PM - 5:30 PM,Investigation of Climate Change Impact,"Good research work, but could improve on visual presentation. The technical depth was appropriate.",4.6
P157,Richard Pacheco,Georgia Institute of Technology,New Jersey,Innovation,4,4:00 PM - 5:30 PM,Novel Approach to Smart Cities,Well-structured presentation with good use of visuals. The visual aids were effective.,4.1
P172,Tammie Moreno,University of Michigan,Indiana,Technical,4,4:00 PM - 5:30 PM,Implementation of Cloud Computing Systems,"Innovative approach to the problem, well-executed study. The practical applications were well-explained.",3.5
P179,Sierra Watson,Purdue University,Illinois,Research,4,4:00 PM - 5:30 PM,Development of Interactive Systems,Well-structured presentation with good use of visuals. The visual aids were effective.,4.2
P182,Dale Singleton,Carnegie Mellon University,Ohio,Design,4,4:00 PM - 5:30 PM,Analysis of Cybersecurity Framework,Well-structured presentation with good use of visuals. The presentation style was engaging.,3.4
P185,Jeffrey Gardner,Caltech,Virginia,Research,4,4:00 PM - 5:30 PM,Development of Blockchain Technology,Excellent presentation with clear methodology and results. The results were presented clearly.,3.5
P198,Chad Hill,University of California Los Angeles,Indiana,Technical,4,4:00 PM - 5:30 PM,Innovative Solution for Digital Healthcare,"Good research work, but could improve on visual presentation. The presenter demonstrated strong technical knowledge.",3.7
P229,Lauren Simpson,Carnegie Mellon University,Michigan,Innovation,4,4:00 PM - 5:30 PM,Investigation of Healthcare Systems,"Innovative approach to the problem, well-executed study. The methodology was well-explained.",3.1
P252,Garrett Cox,University of Michigan,Illinois,Research,4,4:00 PM - 5:30 PM,Analysis of Cloud Computing Systems,"Strong technical foundation, but could benefit from more real-world applications. The presentation style was engaging.",4.9
P277,Francis Morales,University of Illinois Urbana-Champaign,Texas,Research,4,4:00 PM - 5:30 PM,Novel Approach to Sustainable Energy,Impressive research design and methodology. The practical applications were well-explained.,3.2
P303,Joshua Johnson,MIT,Illinois,Research,4,4:00 PM - 5:30 PM,Investigation of Renewable Energy Solutions,Well-structured presentation with good use of visuals. The methodology was well-explained.,3.9
P324,Michelle Barnes,Harvard University,Georgia,Research,4,4:00 PM - 5:30 PM,Study on Healthcare Systems,Interesting topic with practical implications. The future work direction was clear.,4.1
P359,Ebony Bright,University of Washington,Wisconsin,Innovation,4,4:00 PM - 5:30 PM,Creation of Urban Planning,Novel approach to solving the problem. The Q&A session was handled well.,4.5
P366,Thomas Fry,MIT,Wisconsin,Innovation,4,4:00 PM - 5:30 PM,Investigation of Climate Change Impact,"Strong technical foundation, but could benefit from more real-world applications. The methodology was well-explained.",3.2
P372,Julie Patterson,University of California Los Angeles,Illinois,Research,4,4:00 PM - 5:30 PM,Novel Approach to Digital Healthcare,"Innovative approach to the problem, well-executed study. The technical depth was appropriate.",3.7
P389,Tracy Watkins,University of Illinois Urbana-Champaign,Pennsylvania,Innovation,4,4:00 PM - 5:30 PM,Analysis of Blockchain Technology,"Good technical depth, but could improve on communication. The visual aids were effective.",4.8
P390,Nicholas Jones,MIT,Washington,Innovation,4,4:00 PM - 5:30 PM,Investigation of Climate Change Impact,"Innovative approach to the problem, well-executed study. The research implications were well-discussed.",4.3
P391,Belinda Walter,Harvard University,Ohio,Technical,4,4:00 PM - 5:30 PM,Design of Interactive Systems,"Strong technical foundation, but could benefit from more real-world applications. The visual aids were effective.",3.5
P399,Samantha Ford,University of Michigan,Ohio,Innovation,4,4:00 PM - 5:30 PM,Analysis of Machine Learning Algorithms,Interesting topic with practical implications. The Q&A session was handled well.,4.9
P001,Victoria Butler,Carnegie Mellon University,California,Design,4,9:00 AM - 10:30 AM,Creation of Interactive Systems,Interesting topic with practical implications. The research implications were well-discussed.,3.3
P009,Olivia Lopez,University of Texas at Austin,Illinois,Design,4,9:00 AM - 10:30 AM,Analysis of IoT Solutions,Impressive research design and methodology. The presenter demonstrated strong technical knowledge.,5.0
P013,Jennifer Olson,Harvard University,Illinois,Design,4,9:00 AM - 10:30 AM,Development of Blockchain Technology,"Strong technical foundation, but could benefit from more real-world applications. The presentation style was engaging.",4.6
P014,Olivia Moon,Carnegie Mellon University,Texas,Technical,4,9:00 AM - 10:30 AM,Implementation of Cloud Computing Systems,"Good technical depth, but could improve on communication. The methodology was well-explained.",4.0
P027,Randy Wallace Jr.,University of California Berkeley,New York,Innovation,4,9:00 AM - 10:30 AM,Study on Healthcare Systems,"Good technical depth, but could improve on communication. The visual aids were effective.",4.1
P030,Amanda Gates,University of California Los Angeles,Virginia,Research,4,9:00 AM - 10:30 AM,Implementation of Blockchain Technology,Well-structured presentation with good use of visuals. The visual aids were effective.,3.5
P039,Melissa Conley,MIT,Indiana,Research,4,9:00 AM - 10:30 AM,Study on Healthcare Systems,"Good technical depth, but could improve on communication. The technical depth was appropriate.",4.5
P042,Travis Jackson,University of Pennsylvania,Washington,Design,4,9:00 AM - 10:30 AM,Design of Urban Planning,Novel approach to solving the problem. The future work direction was clear.,4.9
P045,Carol Powell,University of Wisconsin-Madison,Ohio,Design,4,9:00 AM - 10:30 AM,Development of Cybersecurity Framework,"Innovative approach to the problem, well-executed study. The visual aids were effective.",3.5
P073,Danielle Rodriguez,Purdue University,New Jersey,Design,4,9:00 AM - 10:30 AM,Innovative Solution for Agricultural Technology,Novel approach to solving the problem. The technical depth was appropriate.,4.5
P089,Cynthia Brown,University of Illinois Urbana-Champaign,Illinois,Research,4,9:00 AM - 10:30 AM,Design of User Interface,"Strong technical foundation, but could benefit from more real-world applications. The presenter demonstrated strong technical knowledge.",3.2
P093,Phillip Gibbs,Caltech,Virginia,Design,4,9:00 AM - 10:30 AM,Analysis of Cloud Computing Systems,"Innovative approach to the problem, well-executed study. The methodology was well-explained.",4.8
P125,Angela Mejia,Harvard University,New Jersey,Technical,4,9:00 AM - 10:30 AM,Study on Climate Change Impact,"Innovative approach to the problem, well-executed study. The technical depth was appropriate.",5.0
P126,Renee Anderson,Georgia Institute of Technology,Wisconsin,Technical,4,9:00 AM - 10:30 AM,Design of Interactive Systems,Comprehensive study with clear findings. The presentation style was engaging.,4.4
P155,Robert Moss,MIT,Wisconsin,Research,4,9:00 AM - 10:30 AM,Investigation of Renewable Energy Solutions,"Strong technical foundation, but could benefit from more real-world applications. The visual aids were effective.",4.1
P160,Mrs. Melinda Lawson,Harvard University,Indiana,Innovation,4,9:00 AM - 10:30 AM,Analysis of Cloud Computing Systems,Excellent presentation with clear methodology and results. The research implications were well-discussed.,4.6
P168,John Rhodes,University of California Berkeley,Massachusetts,Research,4,9:00 AM - 10:30 AM,Study on Urban Development,Interesting topic with practical implications. The future work direction was clear.,3.7
P169,Christopher Perez,University of California Berkeley,Indiana,Technical,4,9:00 AM - 10:30 AM,Breakthrough in Digital Healthcare,"Good research work, but could improve on visual presentation. The Q&A session was handled well.",4.7
P174,Donna Ellison,MIT,Ohio,Research,4,9:00 AM - 10:30 AM,Investigation of Urban Development,"Good technical depth, but could improve on communication. The presentation style was engaging.",4.4
P181,Katherine Anderson,University of California Berkeley,North Carolina,Design,4,9:00 AM - 10:30 AM,Implementation of Blockchain Technology,"Good technical depth, but could improve on communication. The methodology was well-explained.",3.3
P203,Dr. Katie Brown,Purdue University,Virginia,Design,4,9:00 AM - 10:30 AM,Novel Approach to Agricultural Technology,Impressive research design and methodology. The presenter demonstrated strong technical knowledge.,4.2
P220,Gerald White,University of Illinois Urbana-Champaign,Pennsylvania,Design,4,9:00 AM - 10:30 AM,Analysis of Climate Change Impact,Interesting topic with practical implications. The practical applications were well-explained.,3.4
P223,Angela Williams,Carnegie Mellon University,Indiana,Design,4,9:00 AM - 10:30 AM,Implementation of Cloud Computing Systems,"Innovative approach to the problem, well-executed study. The presentation style was engaging.",4.6
P238,Jeff Pierce,University of Texas at Austin,New York,Research,4,9:00 AM - 10:30 AM,Investigation of Urban Development,Excellent presentation with clear methodology and results. The results were presented clearly.,4.4
P254,Betty Anderson,University of California Los Angeles,Virginia,Technical,4,9:00 AM - 10:30 AM,Innovative Solution for Sustainable Energy,Comprehensive study with clear findings. The presenter demonstrated strong technical knowledge.,3.3
P259,Maria Baker,University of California Los Angeles,Illinois,Design,4,9:00 AM - 10:30 AM,Analysis of Cloud Computing Systems,"Innovative approach to the problem, well-executed study. The results were presented clearly.",4.7
P278,Morgan Myers,University of Michigan,Ohio,Research,4,9:00 AM - 10:30 AM,Study on Climate Change Impact,"Strong technical foundation, but could benefit from more real-world applications. The presenter demonstrated strong technical knowledge.",4.0
P299,Michael Glass,MIT,California,Research,4,9:00 AM - 10:30 AM,Breakthrough in Smart Cities,"Good technical depth, but could improve on communication. The methodology was well-explained.",3.5
P300,Patricia Barron PhD,University of Washington,North Carolina,Research,4,9:00 AM - 10:30 AM,Innovative Solution for Digital Healthcare,"Innovative approach to the problem, well-executed study. The visual aids were effective.",4.6
P310,Amber Watts,University of Pennsylvania,Wisconsin,Innovation,4,9:00 AM - 10:30 AM,Analysis of Renewable Energy Solutions,"Innovative approach to the problem, well-executed study. The methodology was well-explained.",4.7
P319,Joel Jennings,Stanford University,Massachusetts,Research,4,9:00 AM - 10:30 AM,Development of User Interface,Well-structured presentation with good use of visuals. The methodology was well-explained.,3.2
P343,Miguel Cervantes,University of Washington,Ohio,Research,4,9:00 AM - 10:30 AM,Study on Renewable Energy Solutions,Excellent presentation with clear methodology and results. The future work direction was clear.,4.4
P365,Samantha Griffith,University of Texas at Austin,Indiana,Technical,4,9:00 AM - 10:30 AM,Creation of Product Design,Interesting topic with practical implications. The visual aids were effective.,4.0
P370,Kimberly Perkins,University of Illinois Urbana-Champaign,Georgia,Technical,4,9:00 AM - 10:30 AM,Analysis of Healthcare Systems,Impressive research design and methodology. The technical depth was appropriate.,4.6
P374,Victoria Swanson DDS,University of Washington,Illinois,Design,4,9:00 AM - 10:30 AM,Study on Urban Development,Well-structured presentation with good use of visuals. The visual aids were effective.,3.4
P395,Courtney Campbell,Purdue University,Michigan,Research,4,9:00 AM - 10:30 AM,Creation of Interactive Systems,"Strong technical foundation, but could benefit from more real-world applications. The methodology was well-explained.",3.6
